{
    "metadata": {
        "normals": 187,
        "version": 3,
        "uvs": 0,
        "type": "Geometry",
        "vertices": 210,
        "generator": "io_three",
        "faces": 310
    },
    "name": "CylinderGeometry",
    "uvs": [],
    "vertices": [1.0115,-1.01049,-0.981069,1.0115,0.989506,-0.981069,1.20659,0.989506,-0.961854,1.20659,-1.01049,-0.961854,1.39419,-1.01049,-0.904948,0.816415,-1.01049,-0.961854,0.816415,0.989506,-0.961854,0.448036,0.989506,0.392314,0.37,0.989506,0.4,0.62882,0.989506,0.942811,0.816413,0.989506,0.999716,1.0115,0.989506,1.01893,1.20659,0.989506,0.999717,1.39419,0.989506,0.942811,1.56707,0.989506,0.850401,1.71861,0.989506,0.726038,1.84297,0.989506,0.574501,1.93538,0.989506,0.401615,1.99229,0.989506,0.214021,2.0115,0.989506,0.018931,1.99229,0.989506,-0.176159,1.93538,0.989506,-0.363752,1.84297,0.989506,-0.536639,1.71861,0.989506,-0.688176,1.56707,0.989506,-0.812538,1.39419,0.989506,-0.904948,0.628822,0.989506,-0.904949,0.448036,0.989506,-0.392314,0.523073,0.989506,-0.369552,0.592228,0.989506,-0.332588,0.652843,0.989506,-0.282843,0.702588,0.989506,-0.222228,0.739552,0.989506,-0.153073,0.762314,0.989506,-0.078036,0.77,0.989506,-0,0.762314,0.989506,0.078036,0.739552,0.989506,0.153073,0.702588,0.989506,0.222228,0.652843,0.989506,0.282843,0.592228,0.989506,0.332588,0.523073,0.989506,0.369552,0.291964,0.989506,0.392314,0.216926,0.989506,0.369552,0.147772,0.989506,0.332588,0.087157,0.989506,0.282843,0.037412,0.989506,0.222228,0.000448,0.989506,0.153073,-0.022314,0.989506,0.078036,-0.03,0.989506,-0,-0.022314,0.989506,-0.078037,0.000448,0.989506,-0.153074,0.037412,0.989506,-0.222229,0.087158,0.989506,-0.282843,0.147772,0.989506,-0.332588,0.216927,0.989506,-0.369552,0.291964,0.989506,-0.392314,0.37,0.989506,-0.4,-2.9885,0.989506,0.01893,-2.9885,0.989506,0.01893,-2.9885,0.989506,0.01893,-2.9885,0.989506,0.01893,-2.9885,0.989506,0.01893,-2.9885,0.989506,0.01893,-2.9885,0.989506,0.01893,-2.9885,0.989506,0.01893,-2.9885,0.989506,0.01893,-2.9885,0.989506,0.01893,-2.9885,0.989506,0.01893,0.628822,-1.01049,-0.904949,-2.9885,-1.01049,0.01893,-2.9885,-1.01049,0.01893,-2.9885,-1.01049,0.01893,-2.9885,-1.01049,0.01893,-2.9885,-1.01049,0.01893,-2.9885,-1.01049,0.01893,-2.9864,-0.999539,0.019066,-2.9864,-0.999539,0.019066,-2.9864,-0.999539,0.019066,-2.9864,-0.999539,0.019066,-2.9864,-0.999539,0.019066,0.62882,-1.01049,0.942811,0.816413,-1.01049,0.999717,1.0115,-1.01049,1.01893,1.20659,-1.01049,0.999717,1.39419,-1.01049,0.942811,1.56707,-1.01049,0.850401,1.71861,-1.01049,0.726038,1.84297,-1.01049,0.574502,1.93538,-1.01049,0.401615,1.99229,-1.01049,0.214022,2.0115,-1.01049,0.018931,1.99229,-1.01049,-0.176159,1.93538,-1.01049,-0.363752,1.84297,-1.01049,-0.536639,1.71861,-1.01049,-0.688175,1.56707,-1.01049,-0.812538,0.628821,-1.01049,-0.302557,0.592228,-1.01038,-0.332588,0.523073,-1.01017,-0.369552,0.448036,-1.00995,-0.392314,0.37,-1.00971,-0.4,0.291964,-1.00947,-0.392314,0.216927,-1.00925,-0.369552,0.147772,-1.00904,-0.332588,0.087158,-1.00885,-0.282843,0.037412,-1.0087,-0.222229,0.000448,-1.00859,-0.153074,-0.022314,-1.00852,-0.078037,-0.03,-1.0085,-0,-0.022314,-1.00852,0.078036,0.000448,-1.00859,0.153073,0.037412,-1.0087,0.222228,0.087157,-1.00885,0.282843,0.147772,-1.00904,0.332588,0.216926,-1.00925,0.369552,0.291964,-1.00947,0.392314,0.37,-1.00971,0.4,0.448036,-1.00995,0.392314,0.523073,-1.01017,0.369552,0.592228,-1.01038,0.332588,0.628821,-1.01049,0.302557,0.652843,-1.01049,0.282843,0.702588,-1.01049,0.222228,0.739552,-1.01049,0.153073,0.762314,-1.01049,0.078036,0.77,-1.01049,0,0.762314,-1.01049,-0.078036,0.739552,-1.01049,-0.153073,0.702588,-1.01049,-0.222228,0.652843,-1.01049,-0.282843,-2.04622,-0.010494,-0.861197,-1.07593,-0.010494,-1.10312,-1.07237,-0.1032,-1.08887,-2.04267,-0.1032,-0.84695,-2.04267,0.08221,-0.84695,-1.07237,0.08221,-1.08887,-1.06206,-0.18683,-1.04753,-2.03236,-0.18683,-0.805604,-2.0163,-0.2532,-0.741205,-2.03236,0.165841,-0.805604,-1.06206,0.165841,-1.04753,-1.04601,-0.2532,-0.983127,-2.0163,0.23221,-0.741206,-1.04601,0.23221,-0.983128,-1.02578,0.274822,-0.901981,-0.960689,-0.2532,-0.640932,-1.02578,-0.295811,-0.901981,-1.99607,-0.295811,-0.660059,-1.90462,0.082211,-0.293266,-1.99607,0.274822,-0.660059,-0.944632,0.165841,-0.576534,-1.00335,-0.310494,-0.81203,-1.97364,-0.310494,-0.570108,-1.93098,-0.2532,-0.39901,-1.95122,0.274823,-0.480157,-1.97364,0.289506,-0.570108,-1.00335,0.289506,-0.81203,-0.980921,0.274823,-0.722079,-0.944632,-0.18683,-0.576534,-0.980921,-0.295811,-0.722078,-1.95122,-0.295811,-0.480156,-1.90462,-0.103199,-0.293266,-1.91493,0.165841,-0.334612,-0.960689,0.232211,-0.640932,-0.934324,0.082211,-0.535188,-1.91493,-0.18683,-0.334612,-1.90107,-0.010494,-0.279019,-1.93098,0.232211,-0.39901,-0.934324,-0.103199,-0.535188,-0.930771,-0.010494,-0.520941,-1.89381,-0.010494,0.309744,-0.927887,-0.010494,0.568563,-0.931688,-0.103199,0.582746,-1.89761,-0.103199,0.323927,-1.89761,0.08221,0.323927,-0.931688,0.08221,0.582746,-0.942716,-0.18683,0.623906,-1.90864,-0.18683,0.365087,-1.90864,0.165841,0.365086,-0.942716,0.165841,0.623905,-0.959894,-0.253199,0.688014,-1.92582,-0.253199,0.429195,-1.94747,-0.295811,0.509975,-1.92582,0.232211,0.429194,-0.959894,0.232211,0.688013,-0.981539,0.274822,0.768794,-0.981539,-0.295811,0.768795,-2.03428,-0.18683,0.833957,-2.0171,0.232211,0.769849,-1.94747,0.274823,0.509975,-1.05117,-0.253199,1.02867,-1.00553,-0.310494,0.858341,-1.97146,-0.310494,0.599522,-1.99545,-0.295811,0.689068,-1.99545,0.274823,0.689068,-1.97146,0.289506,0.599521,-1.00553,0.289506,0.858341,-1.06835,0.165841,1.09278,-1.02953,-0.295811,0.947887,-2.0491,-0.010494,0.889299,-2.0171,-0.253199,0.769849,-1.05117,0.232211,1.02867,-1.02953,0.274823,0.947887,-1.07938,-0.103199,1.13394,-2.0453,-0.103199,0.875117,-2.03428,0.165841,0.833957,-1.06835,-0.18683,1.09278,-1.07938,0.082211,1.13394,-1.08318,-0.010494,1.14812,-2.0453,0.082211,0.875117],